Gene.ID	SnpEff.observations.gtf
PAH	179
PTS	97
QDPR	134
GCH1	85
DNAJC12	72
PCBD1	23
CYP21A2	165
CYP11B1	91
CYP17A1	110
CYP11A1	123
STAR	47
HSD3B2	51
POR	537
ACADM	1242
HADHA	397
HADHB	208
ACADVL	463
SLC22A5	355
ASL	384
BCKDHA	99
BCKDHB	82
DBT	106
DLD	234
MMUT	32
MMAA	178
MMAB	166
MMADHC	67
MMACHC	32
LMBRD1	1073
TCN2	344
MCEE	41
ABCD4	449
MTR	755
MTRR	312
PCCA	443
PCCB	462
GCDH	559
HLCS	196
HMGCL	93
MCCC1	354
AUH	64
MCCC2	991
BTD	287
ACAT1	351
FAH	260
BTD	287
IVD	237
ETFDH	850
ETFA	811
ETFB	53
SLC52A3	104
SLC52A2	370
SLC52A1	54
FLAD1	132
SLC25A32	90
GALT	274
GALE	198
GALK1	109
GALM	68
SMN1	172
SMN2	215
IDUA	152
CBS	273
MTHFR	328
MTRR	312
MTR	755
AHCY	74
MAT1A	45
GAA	568
CPT1A	219
CPT1A	219
CPT2	141
SLC25A20	71
SLC25A20	71
ARSA	128
ABCD1	42
OTC	145
ABCD2	26
ABCD3	157
ABCD4	449
